Precision,Recall,F1
0.630170468187275,0.5514285714285714,0.5881758352511153