Precision,Recall,F1
0.7822567929783992,0.7409470752089136,0.7610417685052425