Precision,Recall,F1
0.6257812973277315,0.6141304347826086,0.6199011272400875