Precision,Recall,F1
0.7998485219754516,0.8760107816711591,0.8361989904875553