Precision,Recall,F1
0.6883104496278798,0.6451612903225806,0.6660377487128992