Precision,Recall,F1
0.5146070599665353,0.5283505154639174,0.5213882362999732