Precision,Recall,F1
0.5508496732026144,0.5018867924528302,0.5252295985305695