Precision,Recall,F1
0.7191124859421851,0.6576819407008087,0.6870267429681799