Precision,Recall,F1
0.7859425304648714,0.7441176470588236,0.764458437758303