Precision,Recall,F1
0.7590839326797839,0.8256130790190735,0.7909519842178615